
{
  "name": "forum_posts",
  "options": {
    "validator": {
      "$jsonSchema": {
        "bsonType": "object",
        "required": ["title", "content", "author", "category", "createdAt"],
        "properties": {
          "title": {
            "bsonType": "string",
            "description": "Título do post"
          },
          "content": {
            "bsonType": "string",
            "description": "Conteúdo do post"
          },
          "author": {
            "bsonType": "string",
            "description": "Autor do post"
          },
          "category": {
            "bsonType": "string",
            "enum": ["tintin", "asterix", "super-heroes", "geral", "novidades"],
            "description": "Categoria do post"
          },
          "likes": {
            "bsonType": "int",
            "minimum": 0,
            "description": "Número de curtidas"
          },
          "replies": {
            "bsonType": "int",
            "minimum": 0,
            "description": "Número de respostas"
          },
          "views": {
            "bsonType": "int",
            "minimum": 0,
            "description": "Número de visualizações"
          },
          "pinned": {
            "bsonType": "bool",
            "description": "Post fixado"
          },
          "createdAt": {
            "bsonType": "string",
            "title": "datetime",
            "description": "Data de criação"
          },
          "lastActivity": {
            "bsonType": "string",
            "title": "datetime",
            "description": "Última atividade"
          }
        },
        "additionalProperties": true
      }
    },
    "validationLevel": "moderate",
    "validationAction": "warn"
  }
}
