
{
  "name": "comics",
  "options": {
    "validator": {
      "$jsonSchema": {
        "bsonType": "object",
        "required": ["title", "series", "price", "category", "inStock", "createdAt"],
        "properties": {
          "title": {
            "bsonType": "string",
            "description": "Título da HQ"
          },
          "series": {
            "bsonType": "string",
            "enum": ["tintin", "asterix", "super-heroes"],
            "description": "Série da HQ"
          },
          "author": {
            "bsonType": "string",
            "description": "Autor da HQ"
          },
          "price": {
            "bsonType": "number",
            "minimum": 0,
            "description": "Preço da HQ"
          },
          "category": {
            "bsonType": "string",
            "description": "Categoria da HQ"
          },
          "description": {
            "bsonType": "string",
            "description": "Descrição da HQ"
          },
          "imageUrl": {
            "bsonType": "string",
            "description": "URL da imagem da capa"
          },
          "rating": {
            "bsonType": "number",
            "minimum": 0,
            "maximum": 5,
            "description": "Avaliação média"
          },
          "totalReviews": {
            "bsonType": "int",
            "minimum": 0,
            "description": "Total de reviews"
          },
          "salesCount": {
            "bsonType": "int",
            "minimum": 0,
            "description": "Quantidade de vendas"
          },
          "inStock": {
            "bsonType": "bool",
            "description": "Disponibilidade em estoque"
          },
          "stockQuantity": {
            "bsonType": "int",
            "minimum": 0,
            "description": "Quantidade em estoque"
          },
          "publishYear": {
            "bsonType": "int",
            "description": "Ano de publicação"
          },
          "pages": {
            "bsonType": "int",
            "minimum": 1,
            "description": "Número de páginas"
          },
          "createdAt": {
            "bsonType": "string",
            "title": "datetime",
            "description": "Data de criação"
          },
          "updatedAt": {
            "bsonType": "string",
            "title": "datetime",
            "description": "Data de atualização"
          }
        },
        "additionalProperties": true
      }
    },
    "validationLevel": "moderate",
    "validationAction": "warn"
  }
}
