
{
  "name": "reviews",
  "options": {
    "validator": {
      "$jsonSchema": {
        "bsonType": "object",
        "required": ["comicId", "userName", "rating", "comment", "createdAt"],
        "properties": {
          "comicId": {
            "bsonType": "string",
            "description": "ID da HQ avaliada"
          },
          "userName": {
            "bsonType": "string",
            "description": "Nome do usuário"
          },
          "rating": {
            "bsonType": "number",
            "minimum": 1,
            "maximum": 5,
            "description": "Avaliação de 1 a 5 estrelas"
          },
          "comment": {
            "bsonType": "string",
            "description": "Comentário do review"
          },
          "helpful": {
            "bsonType": "int",
            "minimum": 0,
            "description": "Número de pessoas que acharam útil"
          },
          "verified": {
            "bsonType": "bool",
            "description": "Review de compra verificada"
          },
          "createdAt": {
            "bsonType": "string",
            "title": "datetime",
            "description": "Data de criação do review"
          }
        },
        "additionalProperties": true
      }
    },
    "validationLevel": "moderate",
    "validationAction": "warn"
  }
}
